model,accuracy,precision,recall,f1,roc_auc,log_loss,brier_score,dataset,weights,description
Equal Weight,0.8235294117647058,0.4,1.0,0.5714285714285714,1.0,0.3367492754803627,0.10619051775197162,long,"{'Logistic Regression': np.float64(0.25), 'Random Forest': np.float64(0.25), 'SVM': np.float64(0.25), 'Gaussian NB (Calibrated)': np.float64(0.25)}",All models weighted equally
ROC-AUC Weighted,0.8235294117647058,0.4,1.0,0.5714285714285714,1.0,0.33620749423382135,0.10591775273958604,long,"{'Logistic Regression': np.float64(0.2476240760295671), 'Random Forest': np.float64(0.2518479408658923), 'SVM': np.float64(0.24973600844772972), 'Gaussian NB (Calibrated)': np.float64(0.25079197465681097)}",Weighted by ROC-AUC performance
Inverse Log-Loss Weighted,0.9264705882352942,0.6153846153846154,1.0,0.7619047619047619,0.9958333333333332,0.2866319847316311,0.08317444940382418,long,"{'Logistic Regression': np.float64(0.10340106267967063), 'Random Forest': np.float64(0.2185080079080173), 'SVM': np.float64(0.34004834746230156), 'Gaussian NB (Calibrated)': np.float64(0.33804258195001047)}",Weighted by inverse of log loss
Equal Weight,0.8676470588235294,0.47058823529411764,1.0,0.64,0.9958333333333332,0.32225337797730014,0.09711671488715885,rich,"{'Logistic Regression': np.float64(0.25), 'Random Forest': np.float64(0.25), 'SVM': np.float64(0.25), 'Gaussian NB (Calibrated)': np.float64(0.25)}",All models weighted equally
ROC-AUC Weighted,0.8676470588235294,0.47058823529411764,1.0,0.64,0.9958333333333332,0.32252751781947175,0.09720793090799773,rich,"{'Logistic Regression': np.float64(0.2503987240829346), 'Random Forest': np.float64(0.25146198830409355), 'SVM': np.float64(0.2429558745348219), 'Gaussian NB (Calibrated)': np.float64(0.25518341307814996)}",Weighted by ROC-AUC performance
Inverse Log-Loss Weighted,0.9117647058823529,0.5714285714285714,1.0,0.7272727272727273,0.9916666666666666,0.2993827533019003,0.08640813007619662,rich,"{'Logistic Regression': np.float64(0.15613604732002356), 'Random Forest': np.float64(0.20828140014718), 'SVM': np.float64(0.324097023397175), 'Gaussian NB (Calibrated)': np.float64(0.31148552913562133)}",Weighted by inverse of log loss
