model,accuracy,precision,recall,f1,roc_auc,log_loss,brier_score,dataset,weights,description
Equal Weight,0.8235294117647058,0.4,1.0,0.5714285714285714,1.0,0.33674927545998423,0.10619051772553198,long,"{'Logistic Regression': np.float64(0.25), 'Random Forest': np.float64(0.25), 'SVM': np.float64(0.25), 'Gaussian NB (Calibrated)': np.float64(0.25)}",All models weighted equally
ROC-AUC Weighted,0.8235294117647058,0.4,1.0,0.5714285714285714,1.0,0.3362074942135595,0.10591775271314939,long,"{'Logistic Regression': np.float64(0.2476240760295671), 'Random Forest': np.float64(0.2518479408658923), 'SVM': np.float64(0.24973600844772972), 'Gaussian NB (Calibrated)': np.float64(0.25079197465681097)}",Weighted by ROC-AUC performance
Inverse Log-Loss Weighted,0.9264705882352942,0.6153846153846154,1.0,0.7619047619047619,0.9958333333333332,0.28663198474177604,0.08317444938692264,long,"{'Logistic Regression': np.float64(0.1034010627007119), 'Random Forest': np.float64(0.21850800795250241), 'SVM': np.float64(0.3400483475315298), 'Gaussian NB (Calibrated)': np.float64(0.33804258181525587)}",Weighted by inverse of log loss
Equal Weight,0.8676470588235294,0.47058823529411764,1.0,0.64,0.9958333333333332,0.32225337845898094,0.09711671500188193,rich,"{'Logistic Regression': np.float64(0.25), 'Random Forest': np.float64(0.25), 'SVM': np.float64(0.25), 'Gaussian NB (Calibrated)': np.float64(0.25)}",All models weighted equally
ROC-AUC Weighted,0.8676470588235294,0.47058823529411764,1.0,0.64,0.9958333333333332,0.3225275183111974,0.09720793102530907,rich,"{'Logistic Regression': np.float64(0.2503987240829346), 'Random Forest': np.float64(0.25146198830409355), 'SVM': np.float64(0.2429558745348219), 'Gaussian NB (Calibrated)': np.float64(0.25518341307814996)}",Weighted by ROC-AUC performance
Inverse Log-Loss Weighted,0.9117647058823529,0.5714285714285714,1.0,0.7272727272727273,0.9916666666666666,0.2993827540186069,0.08640813026898458,rich,"{'Logistic Regression': np.float64(0.1561360476765053), 'Random Forest': np.float64(0.2082814006227174), 'SVM': np.float64(0.3240970241371365), 'Gaussian NB (Calibrated)': np.float64(0.3114855275636409)}",Weighted by inverse of log loss
