model,accuracy,precision,recall,f1,roc_auc,log_loss,brier_score,dataset,weights,description
Equal Weight,0.8382352941176471,0.42105263157894735,1.0,0.5925925925925926,1.0,0.3355336828117477,0.10561020271681487,long,"{'Logistic Regression': np.float64(0.25), 'Random Forest': np.float64(0.25), 'SVM': np.float64(0.25), 'Gaussian NB (Calibrated)': np.float64(0.25)}",All models weighted equally
ROC-AUC Weighted,0.8382352941176471,0.42105263157894735,1.0,0.5925925925925926,1.0,0.33497037293530413,0.10532898095587159,long,"{'Logistic Regression': np.float64(0.2477548864236662), 'Random Forest': np.float64(0.2514527205493925), 'SVM': np.float64(0.2498679344955098), 'Gaussian NB (Calibrated)': np.float64(0.2509244585314316)}",Weighted by ROC-AUC performance
Inverse Log-Loss Weighted,0.9264705882352942,0.6153846153846154,1.0,0.7619047619047619,0.9979166666666666,0.285960619746386,0.0828547196503876,long,"{'Logistic Regression': np.float64(0.10314551700823901), 'Random Forest': np.float64(0.22043938957522172), 'SVM': np.float64(0.339207951038742), 'Gaussian NB (Calibrated)': np.float64(0.33720714237779725)}",Weighted by inverse of log loss
Equal Weight,0.8529411764705882,0.4444444444444444,1.0,0.6153846153846154,0.9958333333333332,0.3224160169457874,0.09722502233959276,rich,"{'Logistic Regression': np.float64(0.25), 'Random Forest': np.float64(0.25), 'SVM': np.float64(0.25), 'Gaussian NB (Calibrated)': np.float64(0.25)}",All models weighted equally
ROC-AUC Weighted,0.8529411764705882,0.4444444444444444,1.0,0.6153846153846154,0.9958333333333332,0.32269166024321977,0.09731731905509633,rich,"{'Logistic Regression': np.float64(0.2503987240829346), 'Random Forest': np.float64(0.25146198830409355), 'SVM': np.float64(0.2429558745348219), 'Gaussian NB (Calibrated)': np.float64(0.25518341307814996)}",Weighted by ROC-AUC performance
Inverse Log-Loss Weighted,0.8970588235294118,0.5333333333333333,1.0,0.6956521739130435,0.9916666666666666,0.2995317809472825,0.08653889730674635,rich,"{'Logistic Regression': np.float64(0.15611332078715623), 'Random Forest': np.float64(0.2083966417939357), 'SVM': np.float64(0.324049849142537), 'Gaussian NB (Calibrated)': np.float64(0.3114401882763711)}",Weighted by inverse of log loss
