model,roc_auc,log_loss,brier_score
Logistic Regression,0.9791666666666667,0.646087244087889,0.23152747889522401
Random Forest,0.9895833333333333,0.3669504137749753,0.11642048111662187
SVM,0.9625,0.24643018856891566,0.06845289713548484
Gaussian NB,1.0,0.7442854691092705,0.2175825984004735
Gaussian NB (Calibrated),1.0,0.26086162834887067,0.07710404576243782
