strategy,roc_auc,log_loss,brier_score,weights
Uniform,0.9383720930232557,0.3937164728047421,0.12103383748688966,"{'Random Forest': 0.2, 'Gradient Boosting': 0.2, 'Neural Network': 0.2, 'Gaussian Naive Bayes': 0.2, 'SVM': 0.2}"
Performance-weighted,0.9383720930232557,0.3915093506737263,0.12008345112445482,"{'Random Forest': np.float64(0.20015143866733973), 'Gradient Boosting': np.float64(0.1978798586572438), 'Neural Network': np.float64(0.20393740535083293), 'Gaussian Naive Bayes': np.float64(0.19485108531044926), 'SVM': np.float64(0.20318021201413428)}"
Emphasize Top 2,0.9465116279069767,0.3569704166975117,0.10657273016246709,"{'Neural Network': 0.35, 'SVM': 0.3, 'Random Forest': 0.11666666666666665, 'Gradient Boosting': 0.11666666666666665, 'Gaussian Naive Bayes': 0.11666666666666665}"
De-emphasize Worst,0.9383720930232557,0.34211048655876536,0.10282360443311728,"{'Random Forest': 0.2375, 'Gradient Boosting': 0.2375, 'Neural Network': 0.2375, 'Gaussian Naive Bayes': 0.05, 'SVM': 0.2375}"
Squared Performance,0.9383720930232557,0.38935940574753214,0.1191657349954656,"{'Random Forest': np.float64(0.20024627608523562), 'Gradient Boosting': np.float64(0.19572675646052795), 'Neural Network': np.float64(0.20789344467449464), 'Gaussian Naive Bayes': np.float64(0.1897809754112403), 'SVM': np.float64(0.2063525473685015)}"
