model,roc_auc,log_loss,brier_score,accuracy
Ensemble,0.9465116279069767,0.35697041669751167,0.10657273016246707,0.8888888888888888
Neural Network,0.9395348837209303,0.31072559618230405,0.10016743917128697,0.8412698412698413
SVM,0.936046511627907,0.3531992918833571,0.10768712176916839,0.8095238095238095
Random Forest,0.922093023255814,0.3736417320614699,0.11522166448286293,0.8095238095238095
Gradient Boosting,0.9116279069767441,0.3408300730596663,0.11212262530571364,0.8412698412698413
Gaussian Naive Bayes,0.8976744186046511,4.059184067920193,0.49286381528577367,0.49206349206349204
