Round,Games,Seeds_Acc,PowerRank_Acc,Barthag_Acc,NetRtg_Acc,H2H_Acc
R64,544,0.7169117647058824,0.71875,0.7334558823529411,0.7738970588235294,0.9007352941176471
R32,272,0.7463235294117647,0.7536764705882353,0.7683823529411765,0.7683823529411765,0.8786764705882353
S16,136,0.6691176470588235,0.625,0.6470588235294118,0.6911764705882353,0.8970588235294118
E8,68,0.5588235294117647,0.6029411764705882,0.5882352941176471,0.6617647058823529,0.8676470588235294
F4,34,0.7647058823529411,0.6764705882352942,0.6764705882352942,0.7352941176470589,0.9411764705882353
Championship,17,0.5882352941176471,0.7647058823529411,0.7058823529411765,0.7058823529411765,1.0
