Method,Correct,Total,Accuracy
H2H,959,1071,0.8954248366013072
NetRtg,806,1071,0.7525676937441643
Barthag,771,1071,0.7198879551820728
Seeds,758,1071,0.707749766573296
PowerRank,758,1071,0.707749766573296
