model,roc_auc,log_loss,brier_score
Equal Weight,0.9958333333333332,0.32448806900803945,0.09834166242224485
ROC-AUC Weighted,0.9958333333333332,0.32485029966044154,0.09847003102307908
Inverse Log-Loss Weighted,0.9916666666666666,0.30048033234187527,0.08710194069468441
