model,roc_auc,log_loss,brier_score
Logistic Regression,0.98125,0.5271709796062145,0.18760836694432617
Random Forest,0.9895833333333333,0.4051340139967266,0.13276102391927216
SVM,0.9520833333333333,0.2539683708130493,0.0720517073506928
Gaussian NB,1.0,0.6306441357657917,0.2013157166417478
Gaussian NB (Calibrated),1.0,0.2642510977827835,0.07704841261253134
