model,roc_auc,log_loss,brier_score
Equal Weight,1.0,0.3266759032355345,0.09929749117761826
ROC-AUC Weighted,1.0,0.32662624666211926,0.09924317497823085
Inverse Log-Loss Weighted,0.9958333333333333,0.29306421881250805,0.0838078320541344
