strategy,roc_auc,log_loss,brier_score,weights
Uniform,0.9441860465116279,0.4256568227022967,0.132766818748731,"{'Random Forest': 0.2, 'Gradient Boosting': 0.2, 'Neural Network': 0.2, 'Gaussian Naive Bayes': 0.2, 'SVM': 0.2}"
Performance-weighted,0.9441860465116279,0.4222124032442216,0.13123459070820248,"{'Random Forest': np.float64(0.20060867359878265), 'Gradient Boosting': np.float64(0.20618818158762361), 'Neural Network': np.float64(0.19477555161044885), 'Gaussian Naive Bayes': np.float64(0.19426832361146332), 'SVM': np.float64(0.20415926959168143)}"
Emphasize Top 2,0.9441860465116279,0.37276830323614824,0.1109484211530085,"{'Gradient Boosting': 0.35, 'SVM': 0.3, 'Random Forest': 0.11666666666666665, 'Neural Network': 0.11666666666666665, 'Gaussian Naive Bayes': 0.11666666666666665}"
De-emphasize Worst,0.9441860465116279,0.3718579482274642,0.111137471756802,"{'Random Forest': 0.2375, 'Gradient Boosting': 0.2375, 'Neural Network': 0.2375, 'Gaussian Naive Bayes': 0.05, 'SVM': 0.2375}"
Squared Performance,0.9441860465116279,0.41883106334861747,0.12974400575392525,"{'Random Forest': np.float64(0.20110244901173321), 'Gradient Boosting': np.float64(0.2124444958706374), 'Neural Network': np.float64(0.18957751775408957), 'Gaussian Naive Bayes': np.float64(0.18859142050394456), 'SVM': np.float64(0.20828411685959522)}"
