strategy,roc_auc,log_loss,brier_score,weights
Uniform,0.9441860465116279,0.42565682012587974,0.13276681781678618,"{'Random Forest': 0.2, 'Gradient Boosting': 0.2, 'Neural Network': 0.2, 'Gaussian Naive Bayes': 0.2, 'SVM': 0.2}"
Performance-weighted,0.9441860465116279,0.42221240063289744,0.13123458977193445,"{'Random Forest': np.float64(0.20060867359878265), 'Gradient Boosting': np.float64(0.20618818158762361), 'Neural Network': np.float64(0.19477555161044885), 'Gaussian Naive Bayes': np.float64(0.19426832361146332), 'SVM': np.float64(0.20415926959168143)}"
Emphasize Top 2,0.9441860465116279,0.3727682997949428,0.11094842012345461,"{'Gradient Boosting': 0.35, 'SVM': 0.3, 'Random Forest': 0.11666666666666665, 'Neural Network': 0.11666666666666665, 'Gaussian Naive Bayes': 0.11666666666666665}"
De-emphasize Worst,0.9441860465116279,0.3718579455025949,0.11113747096192432,"{'Random Forest': 0.2375, 'Gradient Boosting': 0.2375, 'Neural Network': 0.2375, 'Gaussian Naive Bayes': 0.05, 'SVM': 0.2375}"
Squared Performance,0.9441860465116279,0.4188310607032144,0.12974400481401635,"{'Random Forest': np.float64(0.20110244901173321), 'Gradient Boosting': np.float64(0.2124444958706374), 'Neural Network': np.float64(0.18957751775408957), 'Gaussian Naive Bayes': np.float64(0.18859142050394456), 'SVM': np.float64(0.20828411685959522)}"
