model,roc_auc,log_loss,brier_score,accuracy
Gradient Boosting,0.9453488372093024,0.29790023055654463,0.09311138793746007,0.8571428571428571
Ensemble,0.9441860465116279,0.4256568227022967,0.132766818748731,0.873015873015873
SVM,0.936046511627907,0.35473556595483324,0.10692096298323417,0.8571428571428571
Random Forest,0.9197674418604652,0.3792131393306851,0.11802777181016606,0.8095238095238095
Neural Network,0.8930232558139535,0.4489434172397756,0.14407150926433818,0.8095238095238095
Gaussian Naive Bayes,0.8906976744186047,4.211710544466195,0.50966761332221,0.4603174603174603
