model,roc_auc,log_loss,brier_score,accuracy
Ensemble,0.9453488372093023,0.3601080548185054,0.10818543080630841,0.8888888888888888
Gradient Boosting,0.9430232558139534,0.29244113741343786,0.09192389520045297,0.873015873015873
SVM,0.9232558139534883,0.3775565143041934,0.11495697447863128,0.8412698412698413
Random Forest,0.9174418604651163,0.3697541341775187,0.11570877708727961,0.7936507936507936
Neural Network,0.9034883720930232,0.37131207262155674,0.12411574644018529,0.8253968253968254
Gaussian Naive Bayes,0.8965116279069767,3.693376437256945,0.46030765599993745,0.5238095238095238
