model,roc_auc,log_loss,brier_score
Equal Weight,0.9979166666666666,0.33244833625450726,0.10459625322745973
ROC-AUC Weighted,0.9979166666666666,0.3317168203613685,0.10424306515924305
Inverse Log-Loss Weighted,0.99375,0.28097888336091165,0.08122830828292935
