model,roc_auc,log_loss,brier_score
Equal Weight,0.9979166666666666,0.331389183678533,0.10447388014939192
ROC-AUC Weighted,0.9979166666666666,0.3306734904315746,0.10412529105864296
Inverse Log-Loss Weighted,0.9958333333333332,0.27980660340750485,0.0809839254767041
