model,roc_auc,log_loss,brier_score
Logistic Regression,0.9791666666666666,0.8258185989423268,0.27872839218625783
Random Forest,0.9895833333333333,0.35872600968133406,0.11655198825934082
SVM,0.9854166666666667,0.23965242722794133,0.06741724311581053
Gaussian NB,0.9958333333333333,0.9183139186846381,0.23238910447314134
Gaussian NB (Calibrated),0.9958333333333333,0.24279742924675532,0.0745321905015093
