model,roc_auc,log_loss,brier_score
Logistic Regression,0.9791666666666666,0.8258185989422069,0.27872839218620804
Random Forest,0.9854166666666666,0.36182931378054245,0.11668910335604009
SVM,0.9854166666666667,0.2396524272279414,0.06741724311581056
Gaussian NB,0.9958333333333333,0.9183139186846377,0.23238910447314123
Gaussian NB (Calibrated),0.9958333333333333,0.2427974292467555,0.07453219050150937
