Team,Avg_Probability_with_seeds,Avg_Probability_no_seeds,seed_effect,abs_seed_effect,rank
Florida,0.523445244977695,0.481531743850615,0.04191350112707998,0.04191350112707998,6
Purdue,0.5123702767747124,0.4779781766665238,0.03439210010818855,0.03439210010818855,8
Houston,0.5111798737365921,0.4789218768526335,0.03225799688395864,0.03225799688395864,9
Iowa St.,0.5206778432200183,0.4964416629740003,0.024236180246018035,0.024236180246018035,7
Illinois,0.5321479677789192,0.507990957325023,0.024157010453896177,0.024157010453896177,5
Kansas,0.4865857889700928,0.4650498743971236,0.021535914572969217,0.021535914572969217,10
