Team,Avg_Probability_with_seeds,Avg_Probability_no_seeds,seed_effect,abs_seed_effect,rank
Florida,0.6615169653229771,0.6297544328862086,0.03176253243676852,0.03176253243676852,4
Illinois,0.5668421419323465,0.5371045206609463,0.029737621271400227,0.029737621271400227,10
Houston,0.6073134901953785,0.5779269595188858,0.02938653067649266,0.02938653067649266,8
Michigan St.,0.5883721806627944,0.5604868550187557,0.027885325644038672,0.027885325644038672,9
Purdue,0.5347613064751726,0.5087289603101627,0.026032346165009934,0.026032346165009934,11
