Team,Avg_Probability_with_seeds,Avg_Probability_no_seeds,seed_effect,abs_seed_effect,rank
Florida,0.6591477796562415,0.6271003260043209,0.03204745365192063,0.03204745365192063,4
Purdue,0.5406198565011495,0.508610616972808,0.03200923952834156,0.03200923952834156,11
Illinois,0.5651367848880181,0.5347812788285784,0.030355506059439707,0.030355506059439707,9
Houston,0.6012619168124143,0.5776532117295698,0.023608705082844406,0.023608705082844406,7
