Team,Avg_Probability_with_seeds,Avg_Probability_no_seeds,seed_effect,abs_seed_effect,rank
Houston,0.567810370061772,0.529095565277245,0.038714804784527046,0.038714804784527046,8
Purdue,0.569131160861414,0.5357749476248752,0.03335621323653881,0.03335621323653881,7
Florida,0.5771996234080496,0.547977350220498,0.02922227318755166,0.02922227318755166,6
Illinois,0.551447376954624,0.522328571223353,0.029118805731271014,0.029118805731271014,9
