Team,P_E8_with_seeds,P_E8_no_seeds,seed_effect,abs_seed_effect,rank
BYU,0.2118028201541688,0.236319145229373,-0.02451632507520421,0.02451632507520421,28
