Team,Avg_Probability_with_seeds,Avg_Probability_no_seeds,seed_effect,abs_seed_effect,rank
Colorado,0.1124453528578016,0.134126673870309,-0.021681321012507387,0.021681321012507387,42
Virginia Tech,0.0659327598816966,0.0868308475984369,-0.020898087716740302,0.020898087716740302,60
