Team,Avg_Probability_with_seeds,Avg_Probability_no_seeds,seed_effect,abs_seed_effect,rank
Utah St.,0.2709074010862658,0.2944380133951442,-0.023530612308878374,0.023530612308878374,26
Miami FL,0.1586672174701532,0.1809146673135033,-0.022247449843350114,0.022247449843350114,36
Louisville,0.3681164261442527,0.3902304270401373,-0.022114000895884556,0.022114000895884556,21
