Team,Avg_Probability_with_seeds,Avg_Probability_no_seeds,seed_effect,abs_seed_effect,rank
Indiana,0.1285713342128631,0.15370736686826,-0.025136032655396906,0.025136032655396906,43
Kentucky,0.2822014208715201,0.3063292729546291,-0.02412785208310897,0.02412785208310897,24
Ohio St.,0.1086354196995397,0.1324114398788231,-0.02377602017928339,0.02377602017928339,46
Clemson,0.1438418899850597,0.1649482936197817,-0.021106403634721993,0.021106403634721993,40
