Team,Avg_Probability_with_seeds,Avg_Probability_no_seeds,seed_effect,abs_seed_effect,rank
Ohio St.,0.1364074061175147,0.1593760178833215,-0.022968611765806807,0.022968611765806807,40
Colorado,0.1056711559771365,0.1284492583535262,-0.02277810237638969,0.02277810237638969,45
Virginia Tech,0.0632540888121525,0.0849203441348612,-0.021666255322708702,0.021666255322708702,61
Indiana,0.0883493327175731,0.1090549042259325,-0.020705571508359402,0.020705571508359402,50
