model,roc_auc,log_loss,brier_score
Equal Weight,0.9979166666666666,0.31810709763999917,0.098837788437558
ROC-AUC Weighted,0.9979166666666666,0.3181376375603171,0.09884752144511426
Inverse Log-Loss Weighted,0.9958333333333332,0.27991601807046196,0.08131333918236756
