model,roc_auc,log_loss,brier_score
Logistic Regression,0.9874999999999999,0.6502198493513638,0.22677313870385724
Random Forest,0.9875,0.3797798594526325,0.1261561110479141
SVM,0.98125,0.2362750932400738,0.06631242069328107
Gaussian NB,0.9958333333333333,0.7904274306335961,0.22112177112216305
Gaussian NB (Calibrated),0.9916666666666667,0.24129481381185394,0.07317040819775873
